"Name","SizeMB","LastWriteTime"
"103434-662525884_medium.mp4","2.8","2026-04-18 오후 11:06:31"
"148597-794221559_medium.mp4","7.65","2026-04-12 오후 2:51:20"
"20130512_143229.mp4","40.12","2026-04-13 오후 8:56:52"
"20170121_123736.mp4","70.36","2026-04-04 오후 6:19:24"
"20170225_122208.mp4","333.05","2026-04-12 오전 2:26:27"
"20170311_184729.mp4","5.94","2026-04-13 오후 10:40:46"
"20170422_103202.mp4","94.8","2026-04-10 오후 10:31:29"
"20170729_182323.mp4","75.4","2026-04-12 오전 9:46:17"
"20170827_092830.mp4","125.49","2026-04-04 오후 2:14:14"
"20170905_150642.mp4","35.81","2026-04-04 오후 9:12:06"
"20171022_165618.mp4","13.77","2026-04-10 오후 11:28:22"
"20180729_050102.mp4","32.9","2026-04-12 오전 2:46:19"
"20180729_050959.mp4","27.52","2026-04-15 오전 1:18:47"
"20180729_051118.mp4","3","2026-04-13 오후 10:40:47"
"20180729_054213.mp4","554.83","2026-04-04 오전 8:45:25"
"20180927_082841.mp4","71.7","2026-04-10 오후 10:23:03"
"20181006_163347.mp4","1043.43","2026-04-12 오전 1:41:25"
"20181017_101413.mp4","53.94","2026-04-12 오전 12:45:52"
"20181017_101636.mp4","23.59","2026-04-13 오후 8:07:43"
"20181027_143428.mp4","92.86","2026-04-13 오후 10:40:40"
"20181115_155510.mp4","31.95","2026-04-10 오후 10:36:52"
"20181211_140724.mp4","193.85","2026-04-13 오후 8:49:08"
"20190111_125717.mp4","9.48","2026-04-12 오전 1:40:46"
"20190111_130159.mp4","158.06","2026-04-04 오후 7:29:30"
"20190111_131823.mp4","19.45","2026-04-13 오후 10:40:45"
"20210526_195757.mp4","79.3","2026-04-15 오전 1:18:43"
"20210526_213230.mp4","85.53","2026-04-15 오전 1:18:49"
"20210829_133652.mp4","98.45","2026-04-04 오후 1:40:58"
"20210922_111111.mp4","123.45","2026-04-12 오전 2:24:30"
"240659_medium.mp4","5.89","2026-04-18 오후 11:06:29"
"270065_medium.mp4","8.97","2026-04-18 오후 11:06:30"
"275498_medium.mp4","11.05","2026-04-18 오후 10:09:46"
"38909-418897579_medium.mp4","5.29","2026-04-18 오후 10:09:49"
"43606-436237588_medium.mp4","1.97","2026-04-18 오후 11:06:29"
"445-136216234_medium.mp4","1.75","2026-04-18 오후 11:06:32"
"48504-454713939_medium.mp4","14.63","2026-04-18 오전 3:27:55"
"58142-487508532_medium.mp4","4.27","2026-04-12 오후 2:51:19"
"87280-601148622_medium.mp4","12.89","2026-04-12 오후 11:10:21"
"IMG_1276.MOV","310","2026-03-31 오후 10:24:09"
"proxy_IMG_1276.mp4","276.02","2026-03-31 오후 10:24:08"
"test_60s.mp4","0.05","2026-04-12 오전 9:06:51"
"test_video.mp4","0.01","2026-04-09 오후 9:00:10"
"VID_20181012_194115.mp4","317.94","2026-04-12 오전 12:44:59"
"VID_20181013_184905.mp4","139.67","2026-04-12 오전 9:47:58"
"web_IMG_1276.mp4","1157.57","2026-03-31 오후 10:24:42"
